Workbook

Sheet Sheet1
A1: sample ID | B1: Lab ID | C1: Patient Name | D1: Gender | E1: Date of Birth | F1: Native place | G1: =VLOOKUP(A1,Sheet2!B1:F815,5,FALSE) -> CYP2C9*2 (rs1799853) | H1: =VLOOKUP(A1,Sheet2!B1:G815,6,FALSE) -> CYP2C9*3 (rs1057910)
A2: OD2025001 | B2: OD001 | C2: Rupesh Chowdhary | D2: Male | E2: 32079 | F2: Hyderabad | G2: =VLOOKUP(A2,Sheet2!B2:F816,5,FALSE) -> #N/A | H2: =VLOOKUP(A2,Sheet2!B2:G816,6,FALSE) -> #N/A
A3: OD2025002 | B3: OD004 | C3: Jaylaxmi | D3: Female | E3: 25522 | F3: Hyderabad | G3: =VLOOKUP(A3,Sheet2!B3:F817,5,FALSE) -> #N/A | H3: =VLOOKUP(A3,Sheet2!B3:G817,6,FALSE) -> #N/A
A4: OD2025003 | B4: OD008 | C4: M. Prasanna | D4: Female | E4: 31315 | F4: West Godavari | G4: =VLOOKUP(A4,Sheet2!B4:F818,5,FALSE) -> #N/A | H4: =VLOOKUP(A4,Sheet2!B4:G818,6,FALSE) -> #N/A
A5: OD2025004 | B5: OD010 | C5: Chandrani Ghosh | D5: Female | E5: 34465 | F5: Durgapur, West Bengal | G5: =VLOOKUP(A5,Sheet2!B5:F819,5,FALSE) -> #N/A | H5: =VLOOKUP(A5,Sheet2!B5:G819,6,FALSE) -> #N/A
A6: OD2025005 | B6: OD003 | C6: Sree Venkateshwarlu Varanasi | D6: Male | E6: 33555 | F6: Hyderabad | G6: =VLOOKUP(A6,Sheet2!B6:F820,5,FALSE) -> #N/A | H6: =VLOOKUP(A6,Sheet2!B6:G820,6,FALSE) -> #N/A
A7: OD2025011 | B7: OD007 | C7: Pulak Giri | D7: Male | E7: 26051 | F7: Contai (WB) | G7: =VLOOKUP(A7,Sheet2!B7:F821,5,FALSE) -> #N/A | H7: =VLOOKUP(A7,Sheet2!B7:G821,6,FALSE) -> #N/A
A8: OD2025012 | B8: OD005 | C8: Subhas Karmakar | D8: Male | E8: 27932 | F8: Kolkata | G8: =VLOOKUP(A8,Sheet2!B8:F822,5,FALSE) -> #N/A | H8: =VLOOKUP(A8,Sheet2!B8:G822,6,FALSE) -> #N/A
A9: OD2025013 | B9: OD006 | C9: Tapas Chakrborty | D9: Male | E9: 21940 | F9: Howrah, WB | G9: =VLOOKUP(A9,Sheet2!B9:F823,5,FALSE) -> #N/A | H9: =VLOOKUP(A9,Sheet2!B9:G823,6,FALSE) -> #N/A
A10: OD2025028 | B10: OD018 | C10: M.R. Shankar | D10: Male | E10: 22432 | F10: Chennai | G10: =VLOOKUP(A10,Sheet2!B10:F824,5,FALSE) -> #N/A | H10: =VLOOKUP(A10,Sheet2!B10:G824,6,FALSE) -> #N/A
A11: OD2025030 | B11: OD002 | C11: Qamaar Unissa | D11: Female | E11: 36880 | F11: Hyderabad | G11: =VLOOKUP(A11,Sheet2!B11:F825,5,FALSE) -> #N/A | H11: =VLOOKUP(A11,Sheet2!B11:G825,6,FALSE) -> #N/A
A12: OD2025033 | B12: OD011 | C12: Debarchan Guha | D12: Male | E12: 34634 | F12: Kolkata | G12: =VLOOKUP(A12,Sheet2!B12:F826,5,FALSE) -> #N/A | H12: =VLOOKUP(A12,Sheet2!B12:G826,6,FALSE) -> #N/A
A13: OD2025034 | B13: OD012 | C13: Govinda Ch. Dey | D13: Male | E13: 18503 | F13: Balnagar - Hoogly | G13: =VLOOKUP(A13,Sheet2!B13:F827,5,FALSE) -> #N/A | H13: =VLOOKUP(A13,Sheet2!B13:G827,6,FALSE) -> #N/A
... A1274: OD2026773 | B1274: 30MOD1209 | C1274: SK. Kudan Saheb | D1274: Male | E1274: 26880 | F1274: Mattam Pally | G1274: =VLOOKUP(A1274,Sheet2!B1274:F2088,5,FALSE) -> #N/A | H1274: =VLOOKUP(A1274,Sheet2!B1274:G2088,6,FALSE) -> #N/A

Sheet Sheet2
A1: Lab ID | B1: sample ID | C1: Name | D1: Date of Birth | E1: Gender | F1: CYP2C9*2 (rs1799853) | G1: CYP2C9*3 (rs1057910) | H1: =VLOOKUP(B1,Sheet1!A1:F1274,6,FALSE) -> Native place | I1: State / Country
A2: 30MOD027 | B2: OD2025044 | C2: Barun Kanti Datta | D2: 27763 | E2: Male | F2: CT | G2: AA | H2: =VLOOKUP(B2,Sheet1!A2:F1275,6,FALSE) -> Bangladesh | I2: Bangladesh
A3: 30MOD031 | B3: OD2025051 | C3: Krishna Roy | D3: 21983 | E3: Female | F3: CC | G3: AA | H3: =VLOOKUP(B3,Sheet1!A3:F1276,6,FALSE) -> Kolkata | I3: West Bengal
A4: 30MOD035 | B4: OD2025078 | C4: S.SAYIA | D4: 21824 | E4: Female | H4: =VLOOKUP(B4,Sheet1!A4:F1277,6,FALSE) -> CHENNAI | I4: Tamil Nadu
A5: 30MOD036 | B5: OD2025056 | C5: SONALI GHATAK | D5: 25143 | E5: Female | F5: CC | G5: AC | H5: =VLOOKUP(B5,Sheet1!A5:F1278,6,FALSE) -> Bardhaman (West Bengal) | I5: West Bengal
A6: 30MOD037 | B6: OD2025074 | C6: SURSINH CHAVDA | D6: 19778 | E6: Male | F6: CC | G6: AC | H6: =VLOOKUP(B6,Sheet1!A6:F1279,6,FALSE) -> Ahmedabad | I6: Gujarat
A7: 30MOD038 | B7: OD2025062 | C7: J Vinay Kumar | D7: 35653 | E7: Male | F7: CC | G7: AA | H7: =VLOOKUP(B7,Sheet1!A7:F1280,6,FALSE) -> Hyderabad | I7: Telangana
A8: 30MOD039 | B8: OD2025077 | C8: Jyosna Devi | D8: 31651 | E8: Female | F8: CC | G8: AA | H8: =VLOOKUP(B8,Sheet1!A8:F1281,6,FALSE) -> Hyderabad | I8: Telangana
A9: 30MOD040 | B9: OD2025113 | C9: Saritha S | D9: 29258 | E9: Female | F9: CC | G9: AA | H9: =VLOOKUP(B9,Sheet1!A9:F1282,6,FALSE) -> Mahbub Nagar | I9: Telangana
A10: 30MOD042 | B10: OD2025057 | C10: Rajni Bagla | D10: 24453 | E10: Female | F10: CC | G10: AC | H10: =VLOOKUP(B10,Sheet1!A10:F1283,6,FALSE) -> Ranchi | I10: Jharkhand
A11: 30MOD044 | B11: OD2025079 | C11: K A Dhananjayan | D11: 28067 | E11: Male | H11: =VLOOKUP(B11,Sheet1!A11:F1284,6,FALSE) -> Rakkalub | I11: Needs review
A12: 30MOD043 | B12: OD2025058 | C12: Abitabha Guha | D12: 17847 | E12: Male | F12: CC | G12: AA | H12: =VLOOKUP(B12,Sheet1!A12:F1285,6,FALSE) -> Bhagalpur | I12: Bihar
A13: 30MOD046 | B13: OD2025064 | C13: G Sai Kumar | D13: 35758 | E13: Male | F13: CC | G13: AA | H13: =VLOOKUP(B13,Sheet1!A13:F1286,6,FALSE) -> Hyderabad | I13: Telangana
A14: 30MOD047 | B14: OD2025120 | C14: Chidanand | D14: 21839 | E14: Male | F14: CC | G14: AA | H14: =VLOOKUP(B14,Sheet1!A14:F1287,6,FALSE) -> Hyderabad | I14: Telangana
A15: 30MOD048 | B15: OD2025121 | C15: Sai Karthik Pulagam | D15: 37119 | E15: Male | F15: CC | G15: CC | H15: =VLOOKUP(B15,Sheet1!A15:F1288,6,FALSE) -> Hyderabad | I15: Telangana
A16: 30MOD049 | B16: OD2025061 | C16: VISHNU VARDHAN REDDY | D16: 33666 | E16: Male | F16: CC | G16: AA | H16: =VLOOKUP(B16,Sheet1!A16:F1289,6,FALSE) -> NULL
A17: 30MOD050 | B17: OD2025114 | C17: RAMAVATH SUNITHA | D17: 32725 | E17: Female | F17: CC | G17: AA | H17: =VLOOKUP(B17,Sheet1!A17:F1290,6,FALSE) -> HYDERABAD | I17: Telangana
A18: 30MOD051 | B18: OD2025117 | C18: MEDABOINA MANJULA | D18: 32544 | E18: Female | F18: CC | G18: AA | H18: =VLOOKUP(B18,Sheet1!A18:F1291,6,FALSE) -> NULL
A19: 30MOD052 | B19: OD2025125 | C19: NASEEHAH ATAHAR | D19: 40162 | E19: Female | F19: CC | G19: AA | H19: =VLOOKUP(B19,Sheet1!A19:F1292,6,FALSE) -> GUNTUR | I19: Andhra Pradesh
A20: 30MOD053 | B20: OD2025137 | C20: VINAY KUMAR SONI | D20: 35166 | E20: Male | F20: CC | G20: AA | H20: =VLOOKUP(B20,Sheet1!A20:F1293,6,FALSE) -> CHHATTISGARH | I20: Chhattisgarh
A21: 30M0D058 | B21: OD2025080 | C21: Vijayan NS | D21: 22772 | E21: Male | H21: =VLOOKUP(B21,Sheet1!A21:F1294,6,FALSE) -> Chennai | I21: Tamil Nadu
A22: 30MOD059 | B22: OD2025081 | C22: D SUGUMAR | D22: 25179 | E22: Male | H22: =VLOOKUP(B22,Sheet1!A22:F1295,6,FALSE) -> Tamil Nadu | I22: Tamil Nadu
A23: 30MOD54 | B23: OD2025026 | C23: Arunima | D23: 36577 | E23: Female | F23: CC | G23: AA | H23: =VLOOKUP(B23,Sheet1!A23:F1296,6,FALSE) -> NULL
A24: 30MOD055 | B24: OD2025024 | C24: SUNEETH TIRUNGARI | D24: 39627 | E24: Male | F24: CC | G24: AA | H24: =VLOOKUP(B24,Sheet1!A24:F1297,6,FALSE) -> GERMANY | I24: Germany
A25: 30MOD056 | B25: OD2025059 | C25: Ayan kumar das | D25: 36169 | E25: Male | F25: CC | G25: AA | H25: =VLOOKUP(B25,Sheet1!A25:F1298,6,FALSE) -> DHANIKALI | I25: West Bengal
A26: 30MOD066 | B26: OD2025110 | C26: RISHAAN N NAIR | D26: 43636 | E26: Male | H26: =VLOOKUP(B26,Sheet1!A26:F1299,6,FALSE) -> Kerala | I26: Kerala
A27: 30MOD060 | B27: OD2025119 | C27: VIKRAM ADITYA | D27: 36512 | E27: Male | F27: CC | G27: AA | H27: =VLOOKUP(B27,Sheet1!A27:F1300,6,FALSE) -> Hyderabad | I27: Telangana
A28: 30MOD061 | B28: OD2025127 | C28: Sharan Reddy | D28: 37849 | E28: Male | F28: CC | G28: AA | H28: =VLOOKUP(B28,Sheet1!A28:F1301,6,FALSE) -> Hyderabad | I28: Telangana
A29: 30MOD62 | B29: OD2025046 | C29: K Divya | D29: 34995 | E29: Female | F29: CT | G29: AA | H29: =VLOOKUP(B29,Sheet1!A29:F1302,6,FALSE) -> Karimnagar | I29: Telangana
A30: 30MOD63 | B30: OD2025060 | C30: Hariom Kumar | D30: 34956 | E30: Male | F30: CC | G30: AA | H30: =VLOOKUP(B30,Sheet1!A30:F1303,6,FALSE) -> Ara, Bihar | I30: Bihar
A31: 30MOD064 | B31: OD2025067 | C31: E.V.Surya kumari | D31: 22457 | E31: Female | F31: CC | G31: AA | H31: =VLOOKUP(B31,Sheet1!A31:F1304,6,FALSE) -> Hyderabad | I31: Telangana
A32: 30MOD065 | B32: OD2025068 | C32: Shaik Shabeena | D32: 33045 | E32: Female | F32: CC | G32: AA | H32: =VLOOKUP(B32,Sheet1!A32:F1305,6,FALSE) -> Nellore | I32: Andhra Pradesh
A33: 30MOD067 | B33: OD2025123 | C33: Padma | D33: 22820 | E33: Female | F33: CC | G33: AA | H33: =VLOOKUP(B33,Sheet1!A33:F1306,6,FALSE) -> Mahaboobnagar | I33: Telangana
A34: 30MGOD068 | B34: OD2025100 | C34: Arka Bikash Kundu | D34: 37231 | E34: Male | F34: CC | G34: AA | H34: =VLOOKUP(B34,Sheet1!A34:F1307,6,FALSE) -> Kolkata | I34: West Bengal
A35: 30MOD069 | B35: OD2025116 | C35: Paddaptla Baswavaj | D35: 33613 | E35: Male | F35: CC | G35: AA | H35: =VLOOKUP(B35,Sheet1!A35:F1308,6,FALSE) -> #N/A
A36: 30MOD070 | B36: OD2025133 | C36: Y Mary | D36: 37864 | E36: Female | F36: CC | G36: AA | H36: =VLOOKUP(B36,Sheet1!A36:F1309,6,FALSE) -> #N/A
A37: 30MOD071 | B37: OD2025169 | C37: Divya Bhargavi B | D37: 34291 | E37: Female | F37: CC | G37: AA | H37: =VLOOKUP(B37,Sheet1!A37:F1310,6,FALSE) -> #N/A
A38: 30MOD072 | B38: OD2025174 | C38: Rajshree Khelge | D38: 21768 | E38: Female | F38: CC | G38: AA | H38: =VLOOKUP(B38,Sheet1!A38:F1311,6,FALSE) -> #N/A
A39: 30MOD073 | B39: OD2025175 | C39: S Venkatesh | D39: 34816 | E39: Male | F39: CC | G39: AA | H39: =VLOOKUP(B39,Sheet1!A39:F1312,6,FALSE) -> Mancherial | I39: Telangana
A40: 30MOD76 | B40: OD2025128 | C40: PL SelvaKumar | D40: 22871 | E40: Male | H40: =VLOOKUP(B40,Sheet1!A40:F1313,6,FALSE) -> Karipatti | I40: Tamil Nadu
A41: 30MG074 | B41: OD2025082 | C41: P Vasanthrajan | D41: 21331 | E41: Male | H41: =VLOOKUP(B41,Sheet1!A41:F1314,6,FALSE) -> Chennai | I41: Tamil Nadu
A42: 30MOD057 | B42: OD2025101 | C42: Ankan sen | D42: 31678 | E42: Male | F42: CC | G42: AA | H42: =VLOOKUP(B42,Sheet1!A42:F1315,6,FALSE) -> #N/A
A43: 30MOD075 | B43: OD2025122 | C43: Shaheen sultan | D43: 35425 | E43: Female | F43: CC | G43: AA | H43: =VLOOKUP(B43,Sheet1!A43:F1316,6,FALSE) -> Hyderabad | I43: Telangana
A44: 30MOD077 | B44: OD2025136 | C44: K Dinesh | D44: 38675 | E44: Male | F44: CC | G44: AA | H44: =VLOOKUP(B44,Sheet1!A44:F1317,6,FALSE) -> Hakimpet | I44: Telangana
A45: 30MOD078 | B45: OD2025143 | C45: P Veeresh | D45: 28097 | E45: Male | F45: CC | G45: AA | H45: =VLOOKUP(B45,Sheet1!A45:F1318,6,FALSE) -> Raichur | I45: Karnataka
A46: 30MOD079 | B46: OD2025170 | C46: Dheeraj | D46: 34263 | E46: Male | F46: CC | G46: AA | H46: =VLOOKUP(B46,Sheet1!A46:F1319,6,FALSE) -> #N/A
A47: 30MOD080 | B47: OD2025176 | C47: Sai Krishna | D47: 36541 | E47: Male | F47: CC | G47: AC | H47: =VLOOKUP(B47,Sheet1!A47:F1320,6,FALSE) -> Miryalaguda | I47: Telangana
A48: 30MOD083 | B48: OD2025118 | C48: Hawama | D48: 24276 | E48: Female | F48: CC | G48: AA | H48: =VLOOKUP(B48,Sheet1!A48:F1321,6,FALSE) -> Jogratha, Karnataka | I48: Karnataka
A49: 30MOD086 | B49: OD2025179 | C49: A.Aswitha | D49: 37782 | E49: Female | F49: CC | G49: AA | H49: =VLOOKUP(B49,Sheet1!A49:F1322,6,FALSE) -> #N/A
A50: 30MOD082 | B50: OD2025095 | C50: Arabinda Chakarabarti | D50: 14433 | E50: Male | F50: CC | G50: AC | H50: =VLOOKUP(B50,Sheet1!A50:F1323,6,FALSE) -> Bangladesh, Khulna | I50: Bangladesh
A51: 30MOD081 | B51: OD2025091 | C51: Dr. Rina Sarbahikary | D51: 18878 | E51: Female | F51: CC | G51: AA | H51: =VLOOKUP(B51,Sheet1!A51:F1324,6,FALSE) -> Assam | I51: Assam
A52: 30MOD085 | B52: OD2025135 | C52: R.Rakesh | D52: 35437 | E52: Male | F52: CC | G52: AA | H52: =VLOOKUP(B52,Sheet1!A52:F1325,6,FALSE) -> #N/A
A53: 30MOD084 | B53: OD2025129 | C53: ANANDHAN. P | D53: 27933 | E53: Male | F53: CC | G53: AC | H53: =VLOOKUP(B53,Sheet1!A53:F1326,6,FALSE) -> Chennai | I53: Tamil Nadu
A54: 30MOD088 | B54: OD2025107 | C54: Riyaan sheikh | D54: 37435 | E54: Male | F54: CC | G54: AA | H54: =VLOOKUP(B54,Sheet1!A54:F1327,6,FALSE) -> Jamnagar | I54: Gujarat
A55: 30MOD087 | B55: OD2025032 | C55: Giddaluru Radha | D55: 27373 | E55: Female | F55: CC | G55: AA | H55: =VLOOKUP(B55,Sheet1!A55:F1328,6,FALSE) -> null
A56: 30MOD089 | B56: OD2025047 | C56: A laysa | D56: 34211 | E56: Female | F56: CC | G56: AA | H56: =VLOOKUP(B56,Sheet1!A56:F1329,6,FALSE) -> Armur, Nizamabad | I56: Telangana
A57: 30MOD090 | B57: OD2025126 | C57: Kandhuru jeevansh | D57: 43636 | E57: Male | F57: CC | G57: AA | H57: =VLOOKUP(B57,Sheet1!A57:F1330,6,FALSE) -> Hyderabad | I57: Telangana
A58: 30MOD092 | B58: OD2025163 | C58: Sh. RADDHA | D58: 33475 | E58: Female | F58: CC | G58: AA | H58: =VLOOKUP(B58,Sheet1!A58:F1331,6,FALSE) -> Hyderabad | I58: Telangana
A59: 30MOD093 | B59: OD2025172 | C59: Sri Latha | D59: 26696 | E59: Female | F59: CC | G59: AA | H59: =VLOOKUP(B59,Sheet1!A59:F1332,6,FALSE) -> LB Nagar | I59: Telangana
A60: 30MOD094 | B60: OD2025184 | C60: A.Gangaram | D60: 34186 | E60: Male | F60: CC | G60: AA | H60: =VLOOKUP(B60,Sheet1!A60:F1333,6,FALSE) -> Armur, Nizamabad | I60: Telangana
A61: 30MGOD095 | B61: OD2025164 | C61: S. HARIKA REDDY | D61: 36836 | E61: Female | F61: CC | G61: AA | H61: =VLOOKUP(B61,Sheet1!A61:F1334,6,FALSE) -> HYDERABAD | I61: Telangana
A62: 30MGOD98 | B62: OD2025177 | C62: PRASANTH KARLAA | D62: 34561 | E62: Male | F62: CC | G62: AA | H62: =VLOOKUP(B62,Sheet1!A62:F1335,6,FALSE) -> MAHBUBNAGAR | I62: Telangana
A63: 30MGOD099 | B63: OD2025167 | C63: MOUNIKA | D63: 34561 | E63: Female | F63: CC | G63: AA | H63: =VLOOKUP(B63,Sheet1!A63:F1336,6,FALSE) -> MEDAK | I63: Telangana
A64: 30MGOD096 | B64: OD2025168 | C64: SAI KIRAN | D64: 34095 | E64: Male | F64: CC | G64: AA | H64: =VLOOKUP(B64,Sheet1!A64:F1337,6,FALSE) -> NALGONDA | I64: Telangana
A65: 30MGOD097 | B65: OD2025160 | C65: DAMODHAR | D65: 36876 | E65: Male | F65: CC | G65: AA | H65: =VLOOKUP(B65,Sheet1!A65:F1338,6,FALSE) -> devarakadra | I65: Telangana
A66: 30MOD101 | B66: OD2025161 | C66: Johnson | D66: 39988 | E66: Male | F66: CC | G66: AA | H66: =VLOOKUP(B66,Sheet1!A66:F1339,6,FALSE) -> suryapet | I66: Telangana
A67: 30MOD102 | B67: OD2025166 | C67: SHAGANTI HARINI BINDU | D67: 28119 | E67: Male | F67: CC | G67: AA | H67: =VLOOKUP(B67,Sheet1!A67:F1340,6,FALSE) -> NALGONDA | I67: Telangana
... A69: 30MOD104 | B69: OD2025202 | C69: MOHAMD TARIQUE YOUSUF | D69: 24910 | E69: Male | F69: CT | G69: AA | H69: =VLOOKUP(B69,Sheet1!A69:F1342,6,FALSE) -> GURUDASPUR | I69: West Bengal
A70: 30MDC006 | B70: 30MDC006 | C70: Amtul Kabeer Fatima | D70: 31048 | E70: Female | H70: =VLOOKUP(B70,Sheet1!A70:F1343,6,FALSE) -> -
A71: 30MOD107 | B71: OD2025111 | C71: Rajendrai Nath Choudhary | D71: 20357 | E71: Male | F71: CC | G71: AA | H71: =VLOOKUP(B71,Sheet1!A71:F1344,6,FALSE) -> Uttar Pradesh | I71: Uttar Pradesh
A72: 30MOD100 | B72: OD2025112 | C72: Samaira Chandhoke | D72: 39465 | E72: Female | F72: CC | G72: AA | H72: =VLOOKUP(B72,Sheet1!A72:F1345,6,FALSE) -> #N/A
A73: 30MOD108 | B73: OD2025159 | C73: Mohd. Mohammed Faiyyaz | D73: 33829 | E73: Male | F73: CC | G73: AC | H73: =VLOOKUP(B73,Sheet1!A73:F1346,6,FALSE) -> Hyderabad | I73: Telangana
A74: 30MOD109 | B74: OD2025178 | C74: Raj Vihari Kongara | D74: 36006 | E74: Male | F74: CC | G74: AA | H74: =VLOOKUP(B74,Sheet1!A74:F1347,6,FALSE) -> Guntur | I74: Andhra Pradesh
A75: 30MOD110 | B75: OD2025201 | C75: Chinthalapati Ketasai Abhiram | D75: 39714 | E75: Male | F75: CC | G75: AA | H75: =VLOOKUP(B75,Sheet1!A75:F1348,6,FALSE) -> Hyderabad | I75: Telangana
A76: 30MOD111 | B76: OD2025173 | C76: Ismail Bee | D76: 23043 | E76: Female | F76: CC | G76: AC | H76: =VLOOKUP(B76,Sheet1!A76:F1349,6,FALSE) -> Hyderabad | I76: Telangana
A77: 30MOD112 | B77: OD2025206 | C77: Farheen Begum | D77: 30784 | E77: Female | F77: CC | G77: AA | H77: =VLOOKUP(B77,Sheet1!A77:F1350,6,FALSE) -> Hyderabad | I77: Telangana
A78: 30MOD113 | B78: OD2025239 | C78: S Mounika | D78: 34156 | E78: Female | F78: CC | G78: AA | H78: =VLOOKUP(B78,Sheet1!A78:F1351,6,FALSE) -> West Godavari | I78: Andhra Pradesh
A79: 30MOD115 | B79: OD2025243 | C79: C Nanditha | D79: 31545 | E79: Female | F79: CC | G79: AA | H79: =VLOOKUP(B79,Sheet1!A79:F1352,6,FALSE) -> Hyderabad | I79: Telangana
A80: 30MOD116 | B80: OD2025115 | C80: Chiluguri Ajay | D80: 37233 | E80: Male | F80: CC | G80: AA | H80: =VLOOKUP(B80,Sheet1!A80:F1353,6,FALSE) -> #N/A
A81: 30MOD118 | B81: OD2025209 | C81: Gokula Navya Reddy | D81: 35648 | E81: Female | F81: CC | G81: AA | H81: =VLOOKUP(B81,Sheet1!A81:F1354,6,FALSE) -> #N/A
A82: 30MOD119 | B82: OD2025240 | C82: A Devaraj | D82: 31243 | E82: Male | F82: CC | G82: AA | H82: =VLOOKUP(B82,Sheet1!A82:F1355,6,FALSE) -> Pondicherry | I82: Puducherry
A83: 30OD122 | B83: OD2025211 | C83: Kakarapathy Santhoshi | D83: 32522 | E83: Female | F83: CC | G83: AA | H83: =VLOOKUP(B83,Sheet1!A83:F1356,6,FALSE) -> Vizag | I83: Andhra Pradesh
A84: 30MOD124 | B84: OD2025237 | C84: Devarakonda Nagar SashSridattank | D84: 39111 | E84: Male | F84: CC | G84: AA | H84: =VLOOKUP(B84,Sheet1!A84:F1357,6,FALSE) -> Hyderabad | I84: Telangana
A85: 30M0D125 | B85: OD2025089 | C85: Anuradha Banerjee | D85: 26145 | E85: Female | F85: CT | G85: AA | H85: =VLOOKUP(B85,Sheet1!A85:F1358,6,FALSE) -> Howrah | I85: West Bengal
A86: 30MOD126 | B86: OD2025093 | C86: Debasis Saha | D86: 20552 | E86: Male | F86: CC | G86: AA | H86: =VLOOKUP(B86,Sheet1!A86:F1359,6,FALSE) -> Kolkata | I86: West Bengal
A87: 30MOD129 | B87: OD2025245 | C87: V. Mohan | D87: 35568 | E87: Male | H87: =VLOOKUP(B87,Sheet1!A87:F1360,6,FALSE) -> TRICHY | I87: Tamil Nadu
A88: 30MOD130 | B88: OD2025246 | C88: Srinivas.U.M | D88: 31974 | E88: Male | H88: =VLOOKUP(B88,Sheet1!A88:F1361,6,FALSE) -> Chennai | I88: Tamil Nadu
A89: 30MOD131 | B89: OD2025247 | C89: A.Shankar | D89: 26345 | E89: Male | H89: =VLOOKUP(B89,Sheet1!A89:F1362,6,FALSE) -> CHENNAI | I89: Tamil Nadu
A90: 30MOD128 | B90: OD2025213 | C90: Subhra Ghosh | D90: 23178 | E90: Female | F90: CC | G90: AA | H90: =VLOOKUP(B90,Sheet1!A90:F1363,6,FALSE) -> #N/A
A91: 30MOD137 | B91: OD2025235 | C91: Kotha Ravindar Reddy | D91: 30682 | E91: Male | F91: CT | G91: AA | H91: =VLOOKUP(B91,Sheet1!A91:F1364,6,FALSE) -> koheda | I91: Telangana
A92: 30MOD139 | B92: OD2025134 | C92: SHAIK ZAREENA | D92: 29252 | E92: Male | F92: CT | G92: AA | H92: =VLOOKUP(B92,Sheet1!A92:F1365,6,FALSE) -> GIDDALUR | I92: Andhra Pradesh
A93: 30MOD136 | B93: OD2025236 | C93: Marumala Parwathi | D93: 22897 | E93: Female | F93: CC | G93: AC | H93: =VLOOKUP(B93,Sheet1!A93:F1366,6,FALSE) -> wanaparthy | I93: Telangana
A94: 30MOD138 | B94: OD2025162 | C94: USHA DEVI DASARI | D94: 19713 | E94: Female | F94: CC | G94: AA | H94: =VLOOKUP(B94,Sheet1!A94:F1367,6,FALSE) -> HYDERABAD | I94: Telangana
A95: 30MOD134 | B95: OD2025210 | C95: BHASKARAN RAJA LAKSHMI | D95: 22181 | E95: Female | F95: CC | G95: AC | H95: =VLOOKUP(B95,Sheet1!A95:F1368,6,FALSE) -> CHENNAI | I95: Tamil Nadu
A96: 30MOD135 | B96: OD2025212 | C96: Nandini Singh | D96: 33882 | E96: Female | F96: CC | G96: AA | H96: =VLOOKUP(B96,Sheet1!A96:F1369,6,FALSE) -> kolkata | I96: West Bengal
A97: 30MOD142 | B97: OD2025197 | C97: P. PAWAN | D97: 39138 | E97: Male | F97: CC | G97: AA | H97: =VLOOKUP(B97,Sheet1!A97:F1370,6,FALSE) -> #N/A
A98: 30MOD143 | B98: OD2025199 | C98: L.LEENA SRI | D98: 38513 | E98: Female | F98: CC | G98: AA | H98: =VLOOKUP(B98,Sheet1!A98:F1371,6,FALSE) -> #N/A
A99: 30MOD144 | B99: OD2025204 | C99: D. NAGAMANI | D99: 22646 | E99: Female | F99: CC | G99: AA | H99: =VLOOKUP(B99,Sheet1!A99:F1372,6,FALSE) -> #N/A
A100: 30MOD145 | B100: OD2025207 | C100: BYVIIRIKONDA VISHARA | D100: 32634 | E100: Female | F100: CC | G100: AA | H100: =VLOOKUP(B100,Sheet1!A100:F1373,6,FALSE) -> #N/A
A101: 30MOD146 | B101: OD2025208 | C101: SABEVA BEGUM | D101: 30730 | E101: Female | F101: CC | G101: AA | H101: =VLOOKUP(B101,Sheet1!A101:F1374,6,FALSE) -> #N/A
...
